{
  "meta": {
    "dataset": "dataset17",
    "task": "multiclass_variant_detection",
    "feature_count": 17,
    "train_rows": 16209,
    "val_rows": 3476,
    "test_rows": 3460,
    "train_classes": [
      0,
      1,
      2,
      3
    ],
    "num_class": 4,
    "created_at": "2026-03-08T12:32:07.448548+00:00",
    "class_counts_train": {
      "0": 1753,
      "1": 4510,
      "3": 122,
      "2": 9824
    },
    "class_counts_val": {
      "2": 3475,
      "1": 1
    },
    "class_counts_test": {
      "2": 1095,
      "1": 2195,
      "0": 170
    }
  },
  "metrics": {
    "validation": {
      "n": 3476,
      "class_counts": {
        "1": 1,
        "2": 3475
      },
      "accuracy": 1.0,
      "f1_macro": 1.0,
      "f1_weighted": 1.0,
      "logloss": 5.959437404593194e-07,
      "confusion_matrix": [
        [
          0,
          0,
          0,
          0
        ],
        [
          0,
          1,
          0,
          0
        ],
        [
          0,
          0,
          3475,
          0
        ],
        [
          0,
          0,
          0,
          0
        ]
      ],
      "probs_mean": 0.2499999850988388
    },
    "test": {
      "n": 3460,
      "class_counts": {
        "0": 170,
        "1": 2195,
        "2": 1095
      },
      "accuracy": 0.9612716763005781,
      "f1_macro": 0.7300261026361023,
      "f1_weighted": 0.9785172295479267,
      "logloss": 0.3375454905746079,
      "confusion_matrix": [
        [
          170,
          0,
          0,
          0
        ],
        [
          0,
          2195,
          0,
          0
        ],
        [
          5,
          1,
          961,
          128
        ],
        [
          0,
          0,
          0,
          0
        ]
      ],
      "probs_mean": 0.25
    },
    "train": {
      "n": 16209,
      "class_counts": {
        "0": 1753,
        "1": 4510,
        "2": 9824,
        "3": 122
      },
      "accuracy": 0.9943241409093714,
      "f1_macro": 0.957350360801197,
      "f1_weighted": 0.9944230043474336,
      "logloss": 0.01932031845213462,
      "confusion_matrix": [
        [
          1661,
          53,
          0,
          39
        ],
        [
          0,
          4510,
          0,
          0
        ],
        [
          0,
          0,
          9824,
          0
        ],
        [
          0,
          0,
          0,
          122
        ]
      ],
      "probs_mean": 0.25
    }
  }
}