{
  "dataset": "dataset21",
  "timestamp": "2026-03-10T16:10:57.841212Z",
  "model_path": "/content/drive/MyDrive/IOT23_Models_Multiclass/dataset21/model_multiclass.xgb",
  "test_metrics": {
    "n": 482,
    "class_counts": {
      "0": 482
    },
    "n_classes_in_test": 1,
    "majority_class_share": 1.0,
    "accuracy": 0.9937759336099585,
    "f1_macro": 0.4984391259105099,
    "f1_weighted": 0.9968782518210197,
    "top1_error": 0.006224066390041472,
    "top2_accuracy": 1.0,
    "top3_accuracy": 1.0,
    "logloss": 0.0836313230635445,
    "confusion_matrix": [
      [
        479,
        3
      ],
      [
        0,
        0
      ]
    ],
    "probs_mean": 0.5,
    "predicted_class_mean": 0.006224066390041493,
    "per_class_metrics": {
      "0": {
        "precision": 1.0,
        "recall": 0.9937759336099585,
        "f1": 0.9968782518210197,
        "support": 482
      },
      "1": {
        "precision": 0.0,
        "recall": 0.0,
        "f1": 0.0,
        "support": 0
      }
    }
  },
  "test_rows": 482
}