{
  "meta": {
    "dataset": "dataset16",
    "task": "multiclass_variant_detection",
    "feature_count": 18,
    "train_rows": 7313451,
    "val_rows": 1567183,
    "test_rows": 1567153,
    "train_classes": [
      0,
      1,
      2,
      3,
      4
    ],
    "num_class": 5,
    "created_at": "2026-03-08T12:22:38.384809+00:00",
    "class_counts_train": {
      "2": 80,
      "0": 5465860,
      "3": 12,
      "1": 3,
      "4": 1847496
    },
    "class_counts_val": {
      "0": 1567009,
      "4": 174
    },
    "class_counts_test": {
      "0": 1229520,
      "2": 1,
      "4": 337632
    }
  },
  "metrics": {
    "validation": {
      "n": 1567183,
      "class_counts": {
        "0": 1567009,
        "4": 174
      },
      "accuracy": 0.9998985440755802,
      "f1_macro": 0.38622743304623786,
      "f1_weighted": 0.999858741855347,
      "logloss": 0.0009861149761233438,
      "confusion_matrix": [
        [
          1567009,
          0,
          0,
          0,
          0
        ],
        [
          0,
          0,
          0,
          0,
          0
        ],
        [
          0,
          0,
          0,
          0,
          0
        ],
        [
          0,
          0,
          0,
          0,
          0
        ],
        [
          150,
          0,
          0,
          9,
          15
        ]
      ],
      "probs_mean": 0.20000000298023224
    },
    "test": {
      "n": 1567153,
      "class_counts": {
        "0": 1229520,
        "2": 1,
        "4": 337632
      },
      "accuracy": 0.78455517744598,
      "f1_macro": 0.29309094983200257,
      "f1_weighted": 0.6898391885874139,
      "logloss": 2.611222404301177,
      "confusion_matrix": [
        [
          1229518,
          0,
          0,
          0,
          2
        ],
        [
          0,
          0,
          0,
          0,
          0
        ],
        [
          0,
          0,
          0,
          0,
          1
        ],
        [
          0,
          0,
          0,
          0,
          0
        ],
        [
          337632,
          0,
          0,
          0,
          0
        ]
      ],
      "probs_mean": 0.20000000298023224
    },
    "train": {
      "n": 7313451,
      "class_counts": {
        "0": 5465860,
        "1": 3,
        "2": 80,
        "3": 12,
        "4": 1847496
      },
      "accuracy": 0.9999752510818763,
      "f1_macro": 0.7599912757217687,
      "f1_weighted": 0.9999697680598704,
      "logloss": 0.0002699955457231794,
      "confusion_matrix": [
        [
          5465856,
          0,
          0,
          0,
          4
        ],
        [
          1,
          2,
          0,
          0,
          0
        ],
        [
          80,
          0,
          0,
          0,
          0
        ],
        [
          0,
          0,
          0,
          12,
          0
        ],
        [
          96,
          0,
          0,
          0,
          1847400
        ]
      ],
      "probs_mean": 0.20000000298023224
    }
  }
}