{
  "meta": {
    "dataset": "dataset22",
    "task": "multiclass_variant_detection",
    "feature_count": 16,
    "train_rows": 38261904,
    "val_rows": 8198972,
    "test_rows": 8198979,
    "train_classes": [
      0,
      1,
      2,
      3,
      4,
      5,
      6
    ],
    "num_class": 7,
    "created_at": "2026-03-08T16:45:32.033646+00:00",
    "class_counts_train": {
      "0": 22080,
      "1": 4,
      "2": 4782,
      "3": 9558479,
      "4": 9558655,
      "5": 19117899,
      "6": 5
    },
    "class_counts_val": {
      "0": 4637,
      "2": 1028,
      "3": 2048478,
      "4": 2048422,
      "5": 4096407
    },
    "class_counts_test": {
      "0": 4721,
      "2": 1024,
      "3": 2048215,
      "4": 2048138,
      "5": 4096881
    }
  },
  "metrics": {
    "validation": {
      "n": 8198972,
      "class_counts": {
        "0": 4637,
        "2": 1028,
        "3": 2048478,
        "4": 2048422,
        "5": 4096407
      },
      "accuracy": 0.000590439874657457,
      "f1_macro": 0.09964187469409222,
      "f1_weighted": 6.293442535240167e-05,
      "logloss": 15.93238464690528,
      "confusion_matrix": [
        [
          4362,
          0,
          275,
          0,
          0,
          0,
          0
        ],
        [
          0,
          0,
          0,
          0,
          0,
          0,
          0
        ],
        [
          549,
          0,
          479,
          0,
          0,
          0,
          0
        ],
        [
          2048478,
          0,
          0,
          0,
          0,
          0,
          0
        ],
        [
          2048420,
          0,
          2,
          0,
          0,
          0,
          0
        ],
        [
          4096264,
          0,
          143,
          0,
          0,
          0,
          0
        ],
        [
          0,
          0,
          0,
          0,
          0,
          0,
          0
        ]
      ],
      "probs_mean": 0.1428571492433548
    },
    "test": {
      "n": 8198979,
      "class_counts": {
        "0": 4721,
        "2": 1024,
        "3": 2048215,
        "4": 2048138,
        "5": 4096881
      },
      "accuracy": 0.0006009284814609234,
      "f1_macro": 0.10095296826166433,
      "f1_weighted": 6.353091181484827e-05,
      "logloss": 15.932201159337769,
      "confusion_matrix": [
        [
          4448,
          0,
          273,
          0,
          0,
          0,
          0
        ],
        [
          0,
          0,
          0,
          0,
          0,
          0,
          0
        ],
        [
          545,
          0,
          479,
          0,
          0,
          0,
          0
        ],
        [
          2048208,
          0,
          7,
          0,
          0,
          0,
          0
        ],
        [
          2048128,
          0,
          10,
          0,
          0,
          0,
          0
        ],
        [
          4096772,
          0,
          109,
          0,
          0,
          0,
          0
        ],
        [
          0,
          0,
          0,
          0,
          0,
          0,
          0
        ]
      ],
      "probs_mean": 0.1428571492433548
    },
    "train": {
      "n": 38261904,
      "class_counts": {
        "0": 22080,
        "1": 4,
        "2": 4782,
        "3": 9558479,
        "4": 9558655,
        "5": 19117899,
        "6": 5
      },
      "accuracy": 0.0006001530922245793,
      "f1_macro": 0.07274503335433956,
      "f1_weighted": 6.413062592130533e-05,
      "logloss": 15.93222402326811,
      "confusion_matrix": [
        [
          20683,
          0,
          1397,
          0,
          0,
          0,
          0
        ],
        [
          4,
          0,
          0,
          0,
          0,
          0,
          0
        ],
        [
          2502,
          0,
          2280,
          0,
          0,
          0,
          0
        ],
        [
          9558477,
          0,
          2,
          0,
          0,
          0,
          0
        ],
        [
          9558649,
          0,
          6,
          0,
          0,
          0,
          0
        ],
        [
          19117392,
          0,
          507,
          0,
          0,
          0,
          0
        ],
        [
          5,
          0,
          0,
          0,
          0,
          0,
          0
        ]
      ],
      "probs_mean": 0.1428571492433548
    }
  }
}