{
  "meta": {
    "dataset": "dataset8",
    "task": "multiclass_variant_detection",
    "feature_count": 17,
    "train_rows": 13846974,
    "val_rows": 2967213,
    "test_rows": 2967191,
    "num_class": 5,
    "train_classes": [
      0,
      1,
      2,
      3,
      4
    ],
    "created_at": "2026-03-02T04:55:03.437906+00:00",
    "class_counts_train": {
      "2": 12,
      "1": 6,
      "4": 13845715,
      "3": 2,
      "0": 1239
    },
    "class_counts_val": {
      "4": 2966923,
      "0": 290
    },
    "class_counts_test": {
      "4": 2966926,
      "0": 265
    }
  },
  "metrics": {
    "validation": {
      "n": 2967213,
      "class_counts": {
        "0": 290,
        "4": 2966923
      },
      "accuracy": 0.9999946077345981,
      "f1_macro": 0.9858142546423982,
      "f1_weighted": 0.9999945312558338,
      "logloss": null,
      "confusion_matrix": [
        [
          274,
          0,
          0,
          0,
          16
        ],
        [
          0,
          0,
          0,
          0,
          0
        ],
        [
          0,
          0,
          0,
          0,
          0
        ],
        [
          0,
          0,
          0,
          0,
          0
        ],
        [
          0,
          0,
          0,
          0,
          2966923
        ]
      ],
      "probs_mean": 0.20000000298023224
    },
    "test": {
      "n": 2967191,
      "class_counts": {
        "0": 265,
        "4": 2966926
      },
      "accuracy": 0.9999952817327904,
      "f1_macro": 0.986432928857756,
      "f1_weighted": 0.9999952177308554,
      "logloss": null,
      "confusion_matrix": [
        [
          251,
          0,
          0,
          0,
          14
        ],
        [
          0,
          0,
          0,
          0,
          0
        ],
        [
          0,
          0,
          0,
          0,
          0
        ],
        [
          0,
          0,
          0,
          0,
          0
        ],
        [
          0,
          0,
          0,
          0,
          2966926
        ]
      ],
      "probs_mean": 0.20000000298023224
    },
    "train": {
      "n": 13846974,
      "class_counts": {
        "0": 1239,
        "1": 6,
        "2": 12,
        "3": 2,
        "4": 13845715
      },
      "accuracy": 0.9999947280900505,
      "f1_macro": 0.6944416129532494,
      "f1_weighted": 0.9999945164304275,
      "logloss": 5.10959508853131e-05,
      "confusion_matrix": [
        [
          1172,
          0,
          0,
          0,
          67
        ],
        [
          0,
          2,
          0,
          0,
          4
        ],
        [
          0,
          0,
          12,
          0,
          0
        ],
        [
          0,
          0,
          0,
          0,
          2
        ],
        [
          0,
          0,
          0,
          0,
          13845715
        ]
      ],
      "probs_mean": 0.20000000298023224
    }
  }
}