{
  "meta": {
    "dataset": "dataset15",
    "task": "multiclass_variant_detection",
    "feature_count": 16,
    "train_rows": 9551569,
    "val_rows": 2046767,
    "test_rows": 2046762,
    "train_classes": [
      0,
      1,
      2,
      3
    ],
    "num_class": 4,
    "created_at": "2026-03-08T12:11:58.751754+00:00",
    "class_counts_train": {
      "1": 10976,
      "2": 9538986,
      "0": 1604,
      "3": 3
    },
    "class_counts_val": {
      "2": 2043986,
      "1": 2356,
      "0": 425
    },
    "class_counts_test": {
      "2": 2043772,
      "1": 2356,
      "0": 634
    }
  },
  "metrics": {
    "validation": {
      "n": 2046767,
      "class_counts": {
        "0": 425,
        "1": 2356,
        "2": 2043986
      },
      "accuracy": 0.9999990228492056,
      "f1_macro": 0.9998584142073854,
      "f1_weighted": 0.9999990230562537,
      "logloss": 9.341097986752382e-06,
      "confusion_matrix": [
        [
          425,
          0,
          0,
          0
        ],
        [
          0,
          2356,
          0,
          0
        ],
        [
          0,
          2,
          2043984,
          0
        ],
        [
          0,
          0,
          0,
          0
        ]
      ],
      "probs_mean": 0.25
    },
    "test": {
      "n": 2046762,
      "class_counts": {
        "0": 634,
        "1": 2356,
        "2": 2043772
      },
      "accuracy": 0.9999975571170463,
      "f1_macro": 0.999646260336688,
      "f1_weighted": 0.999997558410275,
      "logloss": 2.378976617355173e-05,
      "confusion_matrix": [
        [
          634,
          0,
          0,
          0
        ],
        [
          0,
          2356,
          0,
          0
        ],
        [
          0,
          5,
          2043767,
          0
        ],
        [
          0,
          0,
          0,
          0
        ]
      ],
      "probs_mean": 0.25
    },
    "train": {
      "n": 9551569,
      "class_counts": {
        "0": 1604,
        "1": 10976,
        "2": 9538986,
        "3": 3
      },
      "accuracy": 0.9999975920186516,
      "f1_macro": 0.8747494159049654,
      "f1_weighted": 0.9999975408230296,
      "logloss": 1.1520388584650829e-05,
      "confusion_matrix": [
        [
          1604,
          0,
          0,
          0
        ],
        [
          0,
          10976,
          0,
          0
        ],
        [
          0,
          21,
          9538965,
          0
        ],
        [
          0,
          1,
          1,
          1
        ]
      ],
      "probs_mean": 0.25
    }
  }
}