{
  "dataset": "dataset23",
  "timestamp": "2026-03-10T16:16:08.541766Z",
  "model_path": "/content/drive/MyDrive/IOT23_Models_Multiclass/dataset23/model_multiclass.xgb",
  "test_metrics": {
    "n": 151312,
    "class_counts": {
      "0": 72141,
      "1": 1,
      "2": 79170
    },
    "n_classes_in_test": 3,
    "majority_class_share": 0.5232235381199112,
    "accuracy": 0.47676985301892777,
    "f1_macro": 0.21523094341986906,
    "f1_weighted": 0.30784687577824843,
    "top1_error": 0.5232301469810723,
    "top2_accuracy": 0.999993391138839,
    "top3_accuracy": 1.0,
    "logloss": 1.0521753432882912,
    "confusion_matrix": [
      [
        72141,
        0,
        0
      ],
      [
        1,
        0,
        0
      ],
      [
        79170,
        0,
        0
      ]
    ],
    "probs_mean": 0.3333333432674408,
    "predicted_class_mean": 0.0,
    "per_class_metrics": {
      "0": {
        "precision": 0.47676985301892777,
        "recall": 1.0,
        "f1": 0.6456928302596072,
        "support": 72141
      },
      "1": {
        "precision": 0.0,
        "recall": 0.0,
        "f1": 0.0,
        "support": 1
      },
      "2": {
        "precision": 0.0,
        "recall": 0.0,
        "f1": 0.0,
        "support": 79170
      }
    }
  },
  "test_rows": 151312
}