{
  "meta": {
    "dataset": "dataset10",
    "task": "multiclass_variant_detection",
    "feature_count": 16,
    "train_rows": 2376036,
    "val_rows": 509151,
    "test_rows": 509151,
    "num_class": 6,
    "train_classes": [
      0,
      1,
      2,
      3,
      4,
      5
    ],
    "created_at": "2026-03-02T06:05:12.600042+00:00",
    "class_counts_train": {
      "0": 2734,
      "1": 2006,
      "2": 134,
      "3": 11,
      "4": 160,
      "5": 2370991
    },
    "class_counts_val": {
      "0": 502,
      "1": 368,
      "2": 346,
      "4": 368,
      "5": 507567
    },
    "class_counts_test": {
      "0": 498,
      "1": 378,
      "2": 354,
      "4": 360,
      "5": 507561
    }
  },
  "metrics": {
    "validation": {
      "n": 509151,
      "class_counts": {
        "0": 502,
        "1": 368,
        "2": 346,
        "4": 368,
        "5": 507567
      },
      "accuracy": 0.9985623125556072,
      "f1_macro": 0.5323172265063825,
      "f1_weighted": 0.9979696213615915,
      "logloss": null,
      "confusion_matrix": [
        [
          484,
          0,
          0,
          0,
          0,
          18
        ],
        [
          0,
          368,
          0,
          0,
          0,
          0
        ],
        [
          0,
          346,
          0,
          0,
          0,
          0
        ],
        [
          0,
          0,
          0,
          0,
          0,
          0
        ],
        [
          0,
          0,
          0,
          0,
          0,
          368
        ],
        [
          0,
          0,
          0,
          0,
          0,
          507567
        ]
      ],
      "probs_mean": 0.1666666716337204
    },
    "test": {
      "n": 509151,
      "class_counts": {
        "0": 498,
        "1": 378,
        "2": 354,
        "4": 360,
        "5": 507561
      },
      "accuracy": 0.9985623125556072,
      "f1_macro": 0.5324607885354521,
      "f1_weighted": 0.9979718263462662,
      "logloss": null,
      "confusion_matrix": [
        [
          480,
          0,
          0,
          0,
          0,
          18
        ],
        [
          0,
          378,
          0,
          0,
          0,
          0
        ],
        [
          0,
          354,
          0,
          0,
          0,
          0
        ],
        [
          0,
          0,
          0,
          0,
          0,
          0
        ],
        [
          0,
          0,
          0,
          0,
          0,
          360
        ],
        [
          0,
          0,
          0,
          0,
          0,
          507561
        ]
      ],
      "probs_mean": 0.1666666716337204
    },
    "train": {
      "n": 2376036,
      "class_counts": {
        "0": 2734,
        "1": 2006,
        "2": 134,
        "3": 11,
        "4": 160,
        "5": 2370991
      },
      "accuracy": 0.9998219723943577,
      "f1_macro": 0.6597007331562256,
      "f1_weighted": 0.9997611695193162,
      "logloss": 0.0012701347774687322,
      "confusion_matrix": [
        [
          2604,
          0,
          1,
          0,
          0,
          129
        ],
        [
          0,
          2006,
          0,
          0,
          0,
          0
        ],
        [
          0,
          133,
          1,
          0,
          0,
          0
        ],
        [
          0,
          0,
          0,
          11,
          0,
          0
        ],
        [
          0,
          0,
          0,
          0,
          0,
          160
        ],
        [
          0,
          0,
          0,
          0,
          0,
          2370991
        ]
      ],
      "probs_mean": 0.1666666716337204
    }
  }
}