{
  "meta": {
    "dataset": "dataset13",
    "task": "multiclass_variant_detection",
    "feature_count": 17,
    "train_rows": 3098,
    "val_rows": 665,
    "test_rows": 663,
    "train_classes": [
      0,
      1,
      2
    ],
    "num_class": 3,
    "created_at": "2026-03-08T10:54:52.326436+00:00",
    "class_counts_train": {
      "2": 3,
      "1": 3,
      "0": 3092
    },
    "class_counts_val": {
      "0": 665
    },
    "class_counts_test": {
      "0": 663
    }
  },
  "metrics": {
    "validation": {
      "n": 665,
      "class_counts": {
        "0": 665
      },
      "accuracy": 1.0,
      "f1_macro": 1.0,
      "f1_weighted": 1.0,
      "logloss": 0.00013769498500792497,
      "confusion_matrix": [
        [
          665,
          0,
          0
        ],
        [
          0,
          0,
          0
        ],
        [
          0,
          0,
          0
        ]
      ],
      "probs_mean": 0.3333333432674408
    },
    "test": {
      "n": 663,
      "class_counts": {
        "0": 663
      },
      "accuracy": 1.0,
      "f1_macro": 1.0,
      "f1_weighted": 1.0,
      "logloss": 9.364145686583471e-05,
      "confusion_matrix": [
        [
          663,
          0,
          0
        ],
        [
          0,
          0,
          0
        ],
        [
          0,
          0,
          0
        ]
      ],
      "probs_mean": 0.3333333432674408
    },
    "train": {
      "n": 3098,
      "class_counts": {
        "0": 3092,
        "1": 3,
        "2": 3
      },
      "accuracy": 1.0,
      "f1_macro": 1.0,
      "f1_weighted": 1.0,
      "logloss": 0.0006177437038921561,
      "confusion_matrix": [
        [
          3092,
          0,
          0
        ],
        [
          0,
          3,
          0
        ],
        [
          0,
          0,
          3
        ]
      ],
      "probs_mean": 0.3333333432674408
    }
  }
}