{
  "meta": {
    "dataset": "dataset18",
    "task": "multiclass_variant_detection",
    "feature_count": 17,
    "train_rows": 38118220,
    "val_rows": 8168187,
    "test_rows": 8168184,
    "train_classes": [
      0,
      1,
      2,
      3
    ],
    "num_class": 4,
    "created_at": "2026-03-08T12:32:53.648054+00:00",
    "class_counts_train": {
      "0": 966846,
      "3": 27621061,
      "2": 9526630,
      "1": 3683
    },
    "class_counts_val": {
      "3": 5919699,
      "2": 2040698,
      "0": 207006,
      "1": 784
    },
    "class_counts_test": {
      "2": 2042139,
      "3": 5918295,
      "0": 206939,
      "1": 811
    }
  },
  "metrics": {
    "validation": {
      "n": 8168187,
      "class_counts": {
        "0": 207006,
        "1": 784,
        "2": 2040698,
        "3": 5919699
      },
      "accuracy": 0.7252015655371259,
      "f1_macro": 0.4530687607858562,
      "f1_weighted": 0.61009792244577,
      "logloss": 0.6715168543359535,
      "confusion_matrix": [
        [
          3129,
          10,
          39,
          203828
        ],
        [
          0,
          761,
          0,
          23
        ],
        [
          309,
          4,
          60,
          2040325
        ],
        [
          0,
          57,
          10,
          5919632
        ]
      ],
      "probs_mean": 0.2499999850988388
    },
    "test": {
      "n": 8168184,
      "class_counts": {
        "0": 206939,
        "1": 811,
        "2": 2042139,
        "3": 5918295
      },
      "accuracy": 0.7250152543086689,
      "f1_macro": 0.455677451363512,
      "f1_weighted": 0.6098298119228402,
      "logloss": 0.6717331918247302,
      "confusion_matrix": [
        [
          2988,
          9,
          44,
          203898
        ],
        [
          0,
          783,
          0,
          28
        ],
        [
          266,
          0,
          42,
          2041831
        ],
        [
          0,
          39,
          11,
          5918245
        ]
      ],
      "probs_mean": 0.2499999850988388
    },
    "train": {
      "n": 38118220,
      "class_counts": {
        "0": 966846,
        "1": 3683,
        "2": 9526630,
        "3": 27621061
      },
      "accuracy": 0.7251205329105084,
      "f1_macro": 0.4561475840346667,
      "f1_weighted": 0.6100124626276713,
      "logloss": 0.6715787055441874,
      "confusion_matrix": [
        [
          15523,
          55,
          156,
          951112
        ],
        [
          0,
          3589,
          0,
          94
        ],
        [
          1265,
          12,
          353,
          9525000
        ],
        [
          0,
          198,
          24,
          27620839
        ]
      ],
      "probs_mean": 0.2499999701976776
    }
  }
}