{
  "dataset": "dataset11",
  "timestamp": "2026-03-10T15:53:50.784675Z",
  "model_path": "/content/drive/MyDrive/IOT23_Models_Multiclass/dataset11/model_multiclass.xgb",
  "test_metrics": {
    "n": 36,
    "class_counts": {
      "0": 35,
      "3": 1
    },
    "n_classes_in_test": 2,
    "majority_class_share": 0.9722222222222222,
    "accuracy": 0.9722222222222222,
    "f1_macro": 0.49295774647887325,
    "f1_weighted": 0.958528951486698,
    "top1_error": 0.02777777777777779,
    "top2_accuracy": 0.9722222222222222,
    "top3_accuracy": 0.9722222222222222,
    "logloss": 0.0033997467443865567,
    "confusion_matrix": [
      [
        35,
        0,
        0
      ],
      [
        0,
        0,
        0
      ],
      [
        0,
        0,
        0
      ]
    ],
    "probs_mean": 0.3333333432674408,
    "predicted_class_mean": 0.0,
    "per_class_metrics": {
      "0": {
        "precision": 0.9722222222222222,
        "recall": 1.0,
        "f1": 0.9859154929577465,
        "support": 35
      },
      "1": {
        "precision": 0.0,
        "recall": 0.0,
        "f1": 0.0,
        "support": 0
      },
      "2": {
        "precision": 0.0,
        "recall": 0.0,
        "f1": 0.0,
        "support": 0
      }
    }
  },
  "test_rows": 36
}