{
  "meta": {
    "dataset": "dataset12",
    "task": "multiclass_variant_detection",
    "feature_count": 16,
    "train_rows": 47125276,
    "val_rows": 10098268,
    "test_rows": 10098265,
    "train_classes": [
      0,
      1,
      2,
      3,
      4,
      5,
      6
    ],
    "num_class": 7,
    "created_at": "2026-03-08T16:12:57.954752+00:00",
    "class_counts_train": {
      "0": 14398173,
      "1": 2419,
      "2": 14,
      "3": 65803,
      "4": 1,
      "5": 6132844,
      "6": 26526022
    },
    "class_counts_val": {
      "0": 3088165,
      "1": 530,
      "5": 1318173,
      "6": 5691400
    },
    "class_counts_test": {
      "0": 3088596,
      "1": 549,
      "5": 1314868,
      "6": 5694252
    }
  },
  "metrics": {
    "validation": {
      "n": 10098268,
      "class_counts": {
        "0": 3088165,
        "1": 530,
        "5": 1318173,
        "6": 5691400
      },
      "accuracy": 0.30581135299637524,
      "f1_macro": 0.11709629890054422,
      "f1_weighted": 0.14323751039057359,
      "logloss": 11.06702281574314,
      "confusion_matrix": [
        [
          3088165,
          0,
          0,
          0,
          0,
          0,
          0
        ],
        [
          530,
          0,
          0,
          0,
          0,
          0,
          0
        ],
        [
          0,
          0,
          0,
          0,
          0,
          0,
          0
        ],
        [
          0,
          0,
          0,
          0,
          0,
          0,
          0
        ],
        [
          0,
          0,
          0,
          0,
          0,
          0,
          0
        ],
        [
          1318173,
          0,
          0,
          0,
          0,
          0,
          0
        ],
        [
          5691400,
          0,
          0,
          0,
          0,
          0,
          0
        ]
      ],
      "probs_mean": 0.1428571492433548
    },
    "test": {
      "n": 10098265,
      "class_counts": {
        "0": 3088596,
        "1": 549,
        "5": 1314868,
        "6": 5694252
      },
      "accuracy": 0.3058541244461301,
      "f1_macro": 0.11710884038286291,
      "f1_weighted": 0.14327288736080857,
      "logloss": 11.066340936822714,
      "confusion_matrix": [
        [
          3088596,
          0,
          0,
          0,
          0,
          0,
          0
        ],
        [
          549,
          0,
          0,
          0,
          0,
          0,
          0
        ],
        [
          0,
          0,
          0,
          0,
          0,
          0,
          0
        ],
        [
          0,
          0,
          0,
          0,
          0,
          0,
          0
        ],
        [
          0,
          0,
          0,
          0,
          0,
          0,
          0
        ],
        [
          1314868,
          0,
          0,
          0,
          0,
          0,
          0
        ],
        [
          5694252,
          0,
          0,
          0,
          0,
          0,
          0
        ]
      ],
      "probs_mean": 0.1428571492433548
    },
    "train": {
      "n": 47125276,
      "class_counts": {
        "0": 14398173,
        "1": 2419,
        "2": 14,
        "3": 65803,
        "4": 1,
        "5": 6132844,
        "6": 26526022
      },
      "accuracy": 0.30552973313089987,
      "f1_macro": 0.06686497231788345,
      "f1_weighted": 0.14300466003661555,
      "logloss": 11.071512508071613,
      "confusion_matrix": [
        [
          14398173,
          0,
          0,
          0,
          0,
          0,
          0
        ],
        [
          2419,
          0,
          0,
          0,
          0,
          0,
          0
        ],
        [
          14,
          0,
          0,
          0,
          0,
          0,
          0
        ],
        [
          65803,
          0,
          0,
          0,
          0,
          0,
          0
        ],
        [
          1,
          0,
          0,
          0,
          0,
          0,
          0
        ],
        [
          6132844,
          0,
          0,
          0,
          0,
          0,
          0
        ],
        [
          26526022,
          0,
          0,
          0,
          0,
          0,
          0
        ]
      ],
      "probs_mean": 0.1428571492433548
    }
  }
}