{
  "meta": {
    "dataset": "dataset6",
    "task": "multiclass_variant_detection",
    "feature_count": 16,
    "train_rows": 8018300,
    "val_rows": 1718216,
    "test_rows": 1718198,
    "num_class": 4,
    "train_classes": [
      0,
      1,
      2,
      3
    ],
    "created_at": "2026-03-02T04:12:26.783875+00:00",
    "class_counts_train": {
      "0": 27139,
      "1": 4845,
      "3": 7946732,
      "2": 39584
    },
    "class_counts_val": {
      "3": 1716440,
      "1": 517,
      "0": 1259
    },
    "class_counts_test": {
      "3": 1670225,
      "0": 47557,
      "1": 416
    }
  },
  "metrics": {
    "validation": {
      "n": 1718216,
      "class_counts": {
        "0": 1259,
        "1": 517,
        "3": 1716440
      },
      "accuracy": 0.9999656620587866,
      "f1_macro": 0.9837442688759949,
      "f1_weighted": 0.9999662674801202,
      "logloss": null,
      "confusion_matrix": [
        [
          1248,
          0,
          0,
          11
        ],
        [
          0,
          517,
          0,
          0
        ],
        [
          0,
          0,
          0,
          0
        ],
        [
          0,
          48,
          0,
          1716392
        ]
      ],
      "probs_mean": 0.2500000298023224
    },
    "test": {
      "n": 1718198,
      "class_counts": {
        "0": 47557,
        "1": 416,
        "3": 1670225
      },
      "accuracy": 0.9730875021388687,
      "f1_macro": 0.498701904637948,
      "f1_weighted": 0.9738266989028652,
      "logloss": null,
      "confusion_matrix": [
        [
          1368,
          2,
          46143,
          44
        ],
        [
          0,
          415,
          0,
          1
        ],
        [
          0,
          0,
          0,
          0
        ],
        [
          0,
          51,
          0,
          1670174
        ]
      ],
      "probs_mean": 0.2500000298023224
    },
    "train": {
      "n": 8018300,
      "class_counts": {
        "0": 27139,
        "1": 4845,
        "2": 39584,
        "3": 7946732
      },
      "accuracy": 0.9999686966065126,
      "f1_macro": 0.9949814151448313,
      "f1_weighted": 0.9999689053113818,
      "logloss": 0.0001589056576475073,
      "confusion_matrix": [
        [
          27073,
          1,
          0,
          65
        ],
        [
          0,
          4843,
          0,
          2
        ],
        [
          0,
          0,
          39584,
          0
        ],
        [
          0,
          183,
          0,
          7946549
        ]
      ],
      "probs_mean": 0.2500000298023224
    }
  }
}