{
  "dataset": "dataset14",
  "timestamp": "2026-03-10T16:00:29.469965Z",
  "model_path": "/content/drive/MyDrive/IOT23_Models_Multiclass/dataset14/model_multiclass.xgb",
  "test_metrics": {
    "n": 11035337,
    "class_counts": {
      "0": 995,
      "1": 102,
      "2": 193,
      "3": 11034047
    },
    "n_classes_in_test": 4,
    "majority_class_share": 0.9998831027996699,
    "accuracy": 5.1742869293434355e-05,
    "f1_macro": 0.3546406946662511,
    "f1_weighted": 4.859859843931592e-05,
    "top1_error": 0.9999482571307066,
    "top2_accuracy": 0.00011671596436067154,
    "top3_accuracy": 0.0001168972003301757,
    "logloss": 15.940863208868867,
    "confusion_matrix": [
      [
        280,
        0,
        715,
        0
      ],
      [
        2,
        98,
        2,
        0
      ],
      [
        0,
        0,
        193,
        0
      ],
      [
        0,
        0,
        11034047,
        0
      ]
    ],
    "probs_mean": 0.2500000298023224,
    "predicted_class_mean": 1.9999400108940941,
    "per_class_metrics": {
      "0": {
        "precision": 0.9929078014184397,
        "recall": 0.2814070351758794,
        "f1": 0.4385277995301488,
        "support": 995
      },
      "1": {
        "precision": 1.0,
        "recall": 0.9607843137254902,
        "f1": 0.98,
        "support": 102
      },
      "2": {
        "precision": 1.7489873318038303e-05,
        "recall": 1.0,
        "f1": 3.497913485543921e-05,
        "support": 193
      },
      "3": {
        "precision": 0.0,
        "recall": 0.0,
        "f1": 0.0,
        "support": 11034047
      }
    }
  },
  "test_rows": 11035337
}