{
  "dataset": "dataset22",
  "timestamp": "2026-03-10T16:11:00.536409Z",
  "model_path": "/content/drive/MyDrive/IOT23_Models_Multiclass/dataset22/model_multiclass.xgb",
  "test_metrics": {
    "n": 8198979,
    "class_counts": {
      "0": 4721,
      "2": 1024,
      "3": 2048215,
      "4": 2048138,
      "5": 4096881
    },
    "n_classes_in_test": 5,
    "majority_class_share": 0.4996818506304261,
    "accuracy": 0.0006009284814609234,
    "f1_macro": 0.10095296826166433,
    "f1_weighted": 6.353091181484827e-05,
    "top1_error": 0.9993990715185391,
    "top2_accuracy": 0.25046777165791007,
    "top3_accuracy": 0.4998054025995188,
    "logloss": 15.932201159337769,
    "confusion_matrix": [
      [
        4448,
        0,
        273,
        0,
        0,
        0,
        0
      ],
      [
        0,
        0,
        0,
        0,
        0,
        0,
        0
      ],
      [
        545,
        0,
        479,
        0,
        0,
        0,
        0
      ],
      [
        2048208,
        0,
        7,
        0,
        0,
        0,
        0
      ],
      [
        2048128,
        0,
        10,
        0,
        0,
        0,
        0
      ],
      [
        4096772,
        0,
        109,
        0,
        0,
        0,
        0
      ],
      [
        0,
        0,
        0,
        0,
        0,
        0,
        0
      ]
    ],
    "probs_mean": 0.1428571492433548,
    "predicted_class_mean": 0.00021417300861485315,
    "per_class_metrics": {
      "0": {
        "precision": 0.0005425646744288708,
        "recall": 0.9421732683753442,
        "f1": 0.0010845048204142429,
        "support": 4721
      },
      "1": {
        "precision": 0.0,
        "recall": 0.0,
        "f1": 0.0,
        "support": 0
      },
      "2": {
        "precision": 0.5455580865603644,
        "recall": 0.4677734375,
        "f1": 0.5036803364879074,
        "support": 1024
      },
      "3": {
        "precision": 0.0,
        "recall": 0.0,
        "f1": 0.0,
        "support": 2048215
      },
      "4": {
        "precision": 0.0,
        "recall": 0.0,
        "f1": 0.0,
        "support": 2048138
      },
      "5": {
        "precision": 0.0,
        "recall": 0.0,
        "f1": 0.0,
        "support": 4096881
      },
      "6": {
        "precision": 0.0,
        "recall": 0.0,
        "f1": 0.0,
        "support": 0
      }
    }
  },
  "test_rows": 8198979
}