{
  "dataset": "dataset7",
  "timestamp": "2026-03-10T16:17:42.821455Z",
  "model_path": "/content/drive/MyDrive/IOT23_Models_Multiclass/dataset7/model_multiclass.xgb",
  "test_metrics": {
    "n": 537101,
    "class_counts": {
      "0": 329,
      "2": 536772
    },
    "n_classes_in_test": 2,
    "majority_class_share": 0.9993874522668921,
    "accuracy": 0.9993874522668921,
    "f1_macro": 0.49984681615051313,
    "f1_weighted": 0.9990812722327578,
    "top1_error": 0.0006125477331079265,
    "top2_accuracy": 1.0,
    "top3_accuracy": 1.0,
    "logloss": 0.005192028871223327,
    "confusion_matrix": [
      [
        0,
        0,
        329
      ],
      [
        0,
        0,
        0
      ],
      [
        0,
        0,
        536772
      ]
    ],
    "probs_mean": 0.3333333432674408,
    "predicted_class_mean": 2.0,
    "per_class_metrics": {
      "0": {
        "precision": 0.0,
        "recall": 0.0,
        "f1": 0.0,
        "support": 329
      },
      "1": {
        "precision": 0.0,
        "recall": 0.0,
        "f1": 0.0,
        "support": 0
      },
      "2": {
        "precision": 0.9993874522668921,
        "recall": 1.0,
        "f1": 0.9996936323010263,
        "support": 536772
      }
    }
  },
  "test_rows": 537101
}