{
  "meta": {
    "dataset": "dataset23",
    "task": "multiclass_variant_detection",
    "feature_count": 18,
    "train_rows": 706124,
    "val_rows": 151312,
    "test_rows": 151312,
    "train_classes": [
      0,
      1,
      2
    ],
    "num_class": 3,
    "created_at": "2026-03-08T15:20:15.836698+00:00",
    "class_counts_train": {
      "2": 381127,
      "0": 324990,
      "1": 7
    },
    "class_counts_val": {
      "2": 79168,
      "0": 72144
    },
    "class_counts_test": {
      "2": 79170,
      "0": 72141,
      "1": 1
    }
  },
  "metrics": {
    "validation": {
      "n": 151312,
      "class_counts": {
        "0": 72144,
        "2": 79168
      },
      "accuracy": 0.9567978745902506,
      "f1_macro": 0.9564484708565952,
      "f1_weighted": 0.9566295534084431,
      "logloss": 0.1529322943265595,
      "confusion_matrix": [
        [
          65611,
          0,
          6533
        ],
        [
          0,
          0,
          0
        ],
        [
          4,
          0,
          79164
        ]
      ],
      "probs_mean": 0.3333333134651184
    },
    "test": {
      "n": 151312,
      "class_counts": {
        "0": 72141,
        "1": 1,
        "2": 79170
      },
      "accuracy": 0.9567516125621233,
      "f1_macro": 0.6376029217645668,
      "f1_weighted": 0.9565796979020732,
      "logloss": 0.15320457950348007,
      "confusion_matrix": [
        [
          65604,
          0,
          6537
        ],
        [
          1,
          0,
          0
        ],
        [
          6,
          0,
          79164
        ]
      ],
      "probs_mean": 0.3333333134651184
    },
    "train": {
      "n": 706124,
      "class_counts": {
        "0": 324990,
        "1": 7,
        "2": 381127
      },
      "accuracy": 0.9569225801700552,
      "f1_macro": 0.6375138441995397,
      "f1_weighted": 0.9566874647503363,
      "logloss": 0.15290330669857252,
      "confusion_matrix": [
        [
          294610,
          0,
          30380
        ],
        [
          7,
          0,
          0
        ],
        [
          31,
          0,
          381096
        ]
      ],
      "probs_mean": 0.3333333134651184
    }
  }
}