{
  "meta": {
    "dataset": "dataset9",
    "task": "multiclass_variant_detection",
    "feature_count": 17,
    "train_rows": 3787395,
    "val_rows": 811583,
    "test_rows": 811583,
    "num_class": 5,
    "train_classes": [
      0,
      1,
      2,
      3,
      4
    ],
    "created_at": "2026-03-02T05:56:26.821214+00:00",
    "class_counts_train": {
      "0": 2668,
      "1": 1350,
      "2": 1,
      "3": 14,
      "4": 3783362
    },
    "class_counts_val": {
      "0": 482,
      "1": 288,
      "4": 810813
    },
    "class_counts_test": {
      "0": 515,
      "1": 284,
      "4": 810784
    }
  },
  "metrics": {
    "validation": {
      "n": 811583,
      "class_counts": {
        "0": 482,
        "1": 288,
        "4": 810813
      },
      "accuracy": 0.9999938392006733,
      "f1_macro": 0.9973539811153268,
      "f1_weighted": 0.9999938555505322,
      "logloss": null,
      "confusion_matrix": [
        [
          481,
          0,
          0,
          0,
          1
        ],
        [
          0,
          288,
          0,
          0,
          0
        ],
        [
          0,
          0,
          0,
          0,
          0
        ],
        [
          0,
          0,
          0,
          0,
          0
        ],
        [
          0,
          4,
          0,
          0,
          810809
        ]
      ],
      "probs_mean": 0.20000000298023224
    },
    "test": {
      "n": 811583,
      "class_counts": {
        "0": 515,
        "1": 284,
        "4": 810784
      },
      "accuracy": 0.999418420543555,
      "f1_macro": 0.8657264359602926,
      "f1_weighted": 0.9994886538775872,
      "logloss": null,
      "confusion_matrix": [
        [
          509,
          5,
          0,
          0,
          1
        ],
        [
          0,
          238,
          0,
          0,
          46
        ],
        [
          0,
          0,
          0,
          0,
          0
        ],
        [
          0,
          0,
          0,
          0,
          0
        ],
        [
          411,
          9,
          0,
          0,
          810364
        ]
      ],
      "probs_mean": 0.20000001788139343
    },
    "train": {
      "n": 3787395,
      "class_counts": {
        "0": 2668,
        "1": 1350,
        "2": 1,
        "3": 14,
        "4": 3783362
      },
      "accuracy": 0.9999867983138806,
      "f1_macro": 0.7963786943838448,
      "f1_weighted": 0.9999867564157258,
      "logloss": 6.707217007775568e-05,
      "confusion_matrix": [
        [
          2657,
          5,
          0,
          0,
          6
        ],
        [
          0,
          1350,
          0,
          0,
          0
        ],
        [
          0,
          1,
          0,
          0,
          0
        ],
        [
          0,
          0,
          0,
          14,
          0
        ],
        [
          0,
          38,
          0,
          0,
          3783324
        ]
      ],
      "probs_mean": 0.20000000298023224
    }
  }
}