{
  "meta": {
    "dataset": "dataset14",
    "task": "multiclass_variant_detection",
    "feature_count": 19,
    "train_rows": 51498290,
    "val_rows": 11035354,
    "test_rows": 11035337,
    "train_classes": [
      0,
      1,
      2,
      3
    ],
    "num_class": 4,
    "created_at": "2026-03-08T16:33:55.953836+00:00",
    "class_counts_train": {
      "0": 5190,
      "1": 465,
      "2": 1086,
      "3": 51491549
    },
    "class_counts_val": {
      "0": 1152,
      "1": 110,
      "2": 251,
      "3": 11033841
    },
    "class_counts_test": {
      "0": 995,
      "1": 102,
      "2": 193,
      "3": 11034047
    }
  },
  "metrics": {
    "validation": {
      "n": 11035354,
      "class_counts": {
        "0": 1152,
        "1": 110,
        "2": 251,
        "3": 11033841
      },
      "accuracy": 6.0442102718227257e-05,
      "f1_macro": 0.34973813227179584,
      "f1_weighted": 5.4210468934988663e-05,
      "logloss": 15.940573571430308,
      "confusion_matrix": [
        [
          313,
          0,
          839,
          0
        ],
        [
          2,
          106,
          2,
          0
        ],
        [
          1,
          2,
          248,
          0
        ],
        [
          0,
          0,
          11033841,
          0
        ]
      ],
      "probs_mean": 0.2500000298023224
    },
    "test": {
      "n": 11035337,
      "class_counts": {
        "0": 995,
        "1": 102,
        "2": 193,
        "3": 11034047
      },
      "accuracy": 5.1742869293434355e-05,
      "f1_macro": 0.3546406946662511,
      "f1_weighted": 4.859859843931592e-05,
      "logloss": 15.940863208868867,
      "confusion_matrix": [
        [
          280,
          0,
          715,
          0
        ],
        [
          2,
          98,
          2,
          0
        ],
        [
          0,
          0,
          193,
          0
        ],
        [
          0,
          0,
          11034047,
          0
        ]
      ],
      "probs_mean": 0.2500000298023224
    },
    "train": {
      "n": 51498290,
      "class_counts": {
        "0": 5190,
        "1": 465,
        "2": 1086,
        "3": 51491549
      },
      "accuracy": 5.607953196115832e-05,
      "f1_macro": 0.3478934317114078,
      "f1_weighted": 5.077523936067959e-05,
      "logloss": 15.94067354707056,
      "confusion_matrix": [
        [
          1367,
          0,
          3823,
          0
        ],
        [
          1,
          450,
          14,
          0
        ],
        [
          7,
          8,
          1071,
          0
        ],
        [
          0,
          0,
          51491549,
          0
        ]
      ],
      "probs_mean": 0.2499999850988388
    }
  }
}