{
  "dataset": "dataset6",
  "timestamp": "2026-03-10T16:16:49.540938Z",
  "model_path": "/content/drive/MyDrive/IOT23_Models_Multiclass/dataset6/model_multiclass.xgb",
  "test_metrics": {
    "n": 1718198,
    "class_counts": {
      "0": 47557,
      "1": 416,
      "3": 1670225
    },
    "n_classes_in_test": 3,
    "majority_class_share": 0.972079469304469,
    "accuracy": 0.9722779330438052,
    "f1_macro": 0.3390549153271906,
    "f1_weighted": 0.971961444377668,
    "top1_error": 0.027722066956194835,
    "top2_accuracy": 0.9724944389412629,
    "top3_accuracy": 0.9731445386387366,
    "logloss": 0.44424953466504075,
    "confusion_matrix": [
      [
        0,
        47212,
        0,
        345
      ],
      [
        0,
        416,
        0,
        0
      ],
      [
        0,
        0,
        0,
        0
      ],
      [
        0,
        75,
        0,
        1670150
      ]
    ],
    "probs_mean": 0.2500000298023224,
    "predicted_class_mean": 2.944473221363312,
    "per_class_metrics": {
      "0": {
        "precision": 0.0,
        "recall": 0.0,
        "f1": 0.0,
        "support": 47557
      },
      "1": {
        "precision": 0.008720625537177956,
        "recall": 1.0,
        "f1": 0.017290467382946446,
        "support": 416
      },
      "2": {
        "precision": 0.0,
        "recall": 0.0,
        "f1": 0.0,
        "support": 0
      },
      "3": {
        "precision": 0.9997934743893278,
        "recall": 0.9999550958703168,
        "f1": 0.9998742785986254,
        "support": 1670225
      }
    }
  },
  "test_rows": 1718198
}