{
  "dataset": "dataset19",
  "timestamp": "2026-03-10T16:10:46.781582Z",
  "model_path": "/content/drive/MyDrive/IOT23_Models_Multiclass/dataset19/model_multiclass.xgb",
  "test_metrics": {
    "n": 23416,
    "class_counts": {
      "0": 521,
      "1": 1015,
      "3": 21880
    },
    "n_classes_in_test": 3,
    "majority_class_share": 0.9344038264434574,
    "accuracy": 0.06487017423983601,
    "f1_macro": 0.2589827245098356,
    "f1_weighted": 0.043970163486375495,
    "top1_error": 0.935129825760164,
    "top2_accuracy": 0.06542535018790571,
    "top3_accuracy": 0.5263922104543901,
    "logloss": 8.99241519348908,
    "confusion_matrix": [
      [
        507,
        14,
        0,
        0
      ],
      [
        2,
        1012,
        1,
        0
      ],
      [
        0,
        0,
        0,
        0
      ],
      [
        21880,
        0,
        0,
        0
      ]
    ],
    "probs_mean": 0.25,
    "predicted_class_mean": 0.04390160573966519,
    "per_class_metrics": {
      "0": {
        "precision": 0.022645048907945865,
        "recall": 0.9731285988483686,
        "f1": 0.04426014840680925,
        "support": 521
      },
      "1": {
        "precision": 0.98635477582846,
        "recall": 0.9970443349753695,
        "f1": 0.9916707496325331,
        "support": 1015
      },
      "2": {
        "precision": 0.0,
        "recall": 0.0,
        "f1": 0.0,
        "support": 0
      },
      "3": {
        "precision": 0.0,
        "recall": 0.0,
        "f1": 0.0,
        "support": 21880
      }
    }
  },
  "test_rows": 23416
}