{
  "meta": {
    "dataset": "dataset19",
    "task": "multiclass_variant_detection",
    "feature_count": 18,
    "train_rows": 109272,
    "val_rows": 23415,
    "test_rows": 23416,
    "train_classes": [
      0,
      1,
      2,
      3
    ],
    "num_class": 4,
    "created_at": "2026-03-08T13:42:01.730053+00:00",
    "class_counts_train": {
      "3": 101511,
      "0": 3728,
      "2": 8,
      "1": 4025
    },
    "class_counts_val": {
      "3": 22206,
      "1": 922,
      "0": 287
    },
    "class_counts_test": {
      "3": 21880,
      "0": 521,
      "1": 1015
    }
  },
  "metrics": {
    "validation": {
      "n": 23415,
      "class_counts": {
        "0": 287,
        "1": 922,
        "3": 22206
      },
      "accuracy": 1.0,
      "f1_macro": 1.0,
      "f1_weighted": 1.0,
      "logloss": 5.485071196248751e-05,
      "confusion_matrix": [
        [
          287,
          0,
          0,
          0
        ],
        [
          0,
          922,
          0,
          0
        ],
        [
          0,
          0,
          0,
          0
        ],
        [
          0,
          0,
          0,
          22206
        ]
      ],
      "probs_mean": 0.25
    },
    "test": {
      "n": 23416,
      "class_counts": {
        "0": 521,
        "1": 1015,
        "3": 21880
      },
      "accuracy": 0.9991885889989751,
      "f1_macro": 0.9913432904681603,
      "f1_weighted": 0.9991839061222424,
      "logloss": 0.005593971108922185,
      "confusion_matrix": [
        [
          503,
          14,
          0,
          4
        ],
        [
          1,
          1014,
          0,
          0
        ],
        [
          0,
          0,
          0,
          0
        ],
        [
          0,
          0,
          0,
          21880
        ]
      ],
      "probs_mean": 0.25
    },
    "train": {
      "n": 109272,
      "class_counts": {
        "0": 3728,
        "1": 4025,
        "2": 8,
        "3": 101511
      },
      "accuracy": 0.9999267881982575,
      "f1_macro": 0.9829991126596339,
      "f1_weighted": 0.9999264587268534,
      "logloss": 0.00046444692554291236,
      "confusion_matrix": [
        [
          3721,
          3,
          0,
          4
        ],
        [
          0,
          4025,
          0,
          0
        ],
        [
          0,
          0,
          7,
          1
        ],
        [
          0,
          0,
          0,
          101511
        ]
      ],
      "probs_mean": 0.25
    }
  }
}