{
  "dataset": "dataset8",
  "timestamp": "2026-03-10T16:17:54.435501Z",
  "model_path": "/content/drive/MyDrive/IOT23_Models_Multiclass/dataset8/model_multiclass.xgb",
  "test_metrics": {
    "n": 2967191,
    "class_counts": {
      "0": 265,
      "4": 2966926
    },
    "n_classes_in_test": 2,
    "majority_class_share": 0.9999106899421035,
    "accuracy": 0.9999123750375355,
    "f1_macro": 0.34566446369073583,
    "f1_weighted": 0.9998703556552198,
    "top1_error": 8.762496246450535e-05,
    "top2_accuracy": 1.0,
    "top3_accuracy": 1.0,
    "logloss": 0.0008994783886290666,
    "confusion_matrix": [
      [
        5,
        1,
        0,
        0,
        259
      ],
      [
        0,
        0,
        0,
        0,
        0
      ],
      [
        0,
        0,
        0,
        0,
        0
      ],
      [
        0,
        0,
        0,
        0,
        0
      ],
      [
        0,
        0,
        0,
        0,
        2966926
      ]
    ],
    "probs_mean": 0.20000000298023224,
    "predicted_class_mean": 3.999992248561013,
    "per_class_metrics": {
      "0": {
        "precision": 1.0,
        "recall": 0.018867924528301886,
        "f1": 0.037037037037037035,
        "support": 265
      },
      "1": {
        "precision": 0.0,
        "recall": 0.0,
        "f1": 0.0,
        "support": 0
      },
      "2": {
        "precision": 0.0,
        "recall": 0.0,
        "f1": 0.0,
        "support": 0
      },
      "3": {
        "precision": 0.0,
        "recall": 0.0,
        "f1": 0.0,
        "support": 0
      },
      "4": {
        "precision": 0.9999127118801153,
        "recall": 1.0,
        "f1": 0.9999563540351706,
        "support": 2966926
      }
    }
  },
  "test_rows": 2967191
}