{
  "dataset": "dataset12",
  "timestamp": "2026-03-10T15:53:53.802655Z",
  "model_path": "/content/drive/MyDrive/IOT23_Models_Multiclass/dataset12/model_multiclass.xgb",
  "test_metrics": {
    "n": 10098265,
    "class_counts": {
      "0": 3088596,
      "1": 549,
      "5": 1314868,
      "6": 5694252
    },
    "n_classes_in_test": 4,
    "majority_class_share": 0.5638841919874354,
    "accuracy": 0.3058541244461301,
    "f1_macro": 0.11710884038286291,
    "f1_weighted": 0.14327288736080857,
    "top1_error": 0.6941458755538699,
    "top2_accuracy": 0.43606144223784976,
    "top3_accuracy": 0.9999456342252853,
    "logloss": 11.066340936822714,
    "confusion_matrix": [
      [
        3088596,
        0,
        0,
        0,
        0,
        0,
        0
      ],
      [
        549,
        0,
        0,
        0,
        0,
        0,
        0
      ],
      [
        0,
        0,
        0,
        0,
        0,
        0,
        0
      ],
      [
        0,
        0,
        0,
        0,
        0,
        0,
        0
      ],
      [
        0,
        0,
        0,
        0,
        0,
        0,
        0
      ],
      [
        1314868,
        0,
        0,
        0,
        0,
        0,
        0
      ],
      [
        5694252,
        0,
        0,
        0,
        0,
        0,
        0
      ]
    ],
    "probs_mean": 0.1428571492433548,
    "predicted_class_mean": 0.0,
    "per_class_metrics": {
      "0": {
        "precision": 0.3058541244461301,
        "recall": 1.0,
        "f1": 0.46843536153145166,
        "support": 3088596
      },
      "1": {
        "precision": 0.0,
        "recall": 0.0,
        "f1": 0.0,
        "support": 549
      },
      "2": {
        "precision": 0.0,
        "recall": 0.0,
        "f1": 0.0,
        "support": 0
      },
      "3": {
        "precision": 0.0,
        "recall": 0.0,
        "f1": 0.0,
        "support": 0
      },
      "4": {
        "precision": 0.0,
        "recall": 0.0,
        "f1": 0.0,
        "support": 0
      },
      "5": {
        "precision": 0.0,
        "recall": 0.0,
        "f1": 0.0,
        "support": 1314868
      },
      "6": {
        "precision": 0.0,
        "recall": 0.0,
        "f1": 0.0,
        "support": 5694252
      }
    }
  },
  "test_rows": 10098265
}