{
  "dataset": "dataset17",
  "timestamp": "2026-03-10T16:06:37.328935Z",
  "model_path": "/content/drive/MyDrive/IOT23_Models_Multiclass/dataset17/model_multiclass.xgb",
  "test_metrics": {
    "n": 3460,
    "class_counts": {
      "0": 170,
      "1": 2195,
      "2": 1095
    },
    "n_classes_in_test": 3,
    "majority_class_share": 0.634393063583815,
    "accuracy": 0.3699421965317919,
    "f1_macro": 0.17751825417635111,
    "f1_weighted": 0.44572644813143336,
    "top1_error": 0.630057803468208,
    "top2_accuracy": 0.4384393063583815,
    "top3_accuracy": 0.6841040462427745,
    "logloss": 3.8979748695367076,
    "confusion_matrix": [
      [
        1,
        169,
        0,
        0
      ],
      [
        68,
        1279,
        0,
        848
      ],
      [
        8,
        1,
        0,
        1086
      ],
      [
        0,
        0,
        0,
        0
      ]
    ],
    "probs_mean": 0.25,
    "predicted_class_mean": 2.095664739884393,
    "per_class_metrics": {
      "0": {
        "precision": 0.012987012987012988,
        "recall": 0.0058823529411764705,
        "f1": 0.008097165991902834,
        "support": 170
      },
      "1": {
        "precision": 0.8826777087646653,
        "recall": 0.5826879271070615,
        "f1": 0.7019758507135017,
        "support": 2195
      },
      "2": {
        "precision": 0.0,
        "recall": 0.0,
        "f1": 0.0,
        "support": 1095
      },
      "3": {
        "precision": 0.0,
        "recall": 0.0,
        "f1": 0.0,
        "support": 0
      }
    }
  },
  "test_rows": 3460
}